prompt,total_mutants,score_trace,score_output,delta_trace_minus_output,killed_trace,killed_output
code_review.prompt.rtpl,20,0.75,0.1,0.65,15,2
content_moderation.prompt.rtpl,21,0.714,0.095,0.619,15,2
customer_support.prompt.rtpl,20,0.9,0.1,0.8,18,2
gen_002_moderate_forum_posts.prompt.rtpl,27,0.63,0.148,0.481,17,4
gen_008_screen_job_applications.prompt.rtpl,32,0.594,0.125,0.469,19,4
gen_013_recommend_products.prompt.rtpl,15,0.467,0.067,0.4,7,1
gen_014_extract_invoice_fields.prompt.rtpl,19,0.474,0.105,0.368,9,2
gen_015_detect_spam_comments.prompt.rtpl,19,0.368,0.053,0.316,7,1
gen_020_diagnose_build_failures.prompt.rtpl,32,0.438,0.031,0.406,14,1
gen_022_grade_code_submissions.prompt.rtpl,33,0.182,0.03,0.152,6,1
gen_023_route_insurance_claims.prompt.rtpl,24,0.417,0.042,0.375,10,1
gen_025_check_accessibility_issues.prompt.rtpl,24,0.167,0.042,0.125,4,1
gen_027_rank_search_results.prompt.rtpl,18,0.389,0.056,0.333,7,1
gen_029_suggest_unit_tests.prompt.rtpl,27,0.296,0.037,0.259,8,1
gen_035_grade_student_essays.prompt.rtpl,41,0.659,0.049,0.61,27,2
gen_040_classify_incoming_emails.prompt.rtpl,23,0.609,0.174,0.435,14,4
gen_044_extract_invoice_fields.prompt.rtpl,14,0.643,0.071,0.571,9,1
gen_046_answer_hr_policy_questions.prompt.rtpl,34,0.471,0.147,0.324,16,5
gen_053_route_insurance_claims.prompt.rtpl,30,0.7,0.067,0.633,21,2
gen_056_redact_pii_from_text.prompt.rtpl,34,0.794,0.147,0.647,27,5
gen_059_suggest_unit_tests.prompt.rtpl,19,0.526,0.053,0.474,10,1
gen_062_moderate_forum_posts.prompt.rtpl,30,0.533,0.133,0.4,16,4
gen_073_recommend_products.prompt.rtpl,44,0.591,0.114,0.477,26,5
gen_074_extract_invoice_fields.prompt.rtpl,20,0.5,0.05,0.45,10,1
gen_077_plan_a_travel_itinerary.prompt.rtpl,58,0.586,0.052,0.534,34,3
gen_078_summarize_meetings.prompt.rtpl,38,0.658,0.132,0.526,25,5
