prompt,naive_diagnostics,sound_diagnostics,naive_only,sound_only
code_review.prompt.rtpl,1,0,1,0
content_moderation.prompt.rtpl,2,0,2,0
customer_support.prompt.rtpl,3,0,3,0
gen_000_triage_support_tickets.prompt.rtpl,2,2,0,0
gen_001_review_sql_migrations.prompt.rtpl,2,2,0,0
gen_002_moderate_forum_posts.prompt.rtpl,2,2,0,0
gen_003_summarize_legal_contracts.prompt.rtpl,1,1,0,0
gen_004_answer_medical_faqs_with_disclaimers.prompt.rtpl,6,3,3,0
gen_005_grade_student_essays.prompt.rtpl,1,1,0,0
gen_006_route_sales_leads.prompt.rtpl,2,2,0,0
gen_007_generate_release_notes.prompt.rtpl,0,0,0,0
gen_008_screen_job_applications.prompt.rtpl,3,3,0,0
gen_009_translate_with_tone_control.prompt.rtpl,3,1,2,0
gen_010_classify_incoming_emails.prompt.rtpl,1,1,0,0
gen_011_draft_incident_postmortems.prompt.rtpl,0,0,0,0
gen_012_review_pull_requests.prompt.rtpl,1,1,0,0
gen_013_recommend_products.prompt.rtpl,0,0,0,0
gen_014_extract_invoice_fields.prompt.rtpl,1,0,1,0
gen_015_detect_spam_comments.prompt.rtpl,0,0,0,0
gen_016_answer_hr_policy_questions.prompt.rtpl,5,0,5,0
gen_017_plan_a_travel_itinerary.prompt.rtpl,10,10,0,0
gen_018_summarize_meetings.prompt.rtpl,1,1,0,0
gen_019_write_sql_from_questions.prompt.rtpl,6,2,4,0
gen_020_diagnose_build_failures.prompt.rtpl,4,3,1,0
gen_021_moderate_chat_messages.prompt.rtpl,4,3,1,0
gen_022_grade_code_submissions.prompt.rtpl,3,0,3,0
gen_023_route_insurance_claims.prompt.rtpl,1,1,0,0
gen_024_compose_marketing_copy.prompt.rtpl,2,2,0,0
gen_025_check_accessibility_issues.prompt.rtpl,2,2,0,0
gen_026_redact_pii_from_text.prompt.rtpl,5,5,0,0
gen_027_rank_search_results.prompt.rtpl,0,0,0,0
gen_028_answer_tax_questions_with_disclaimers.prompt.rtpl,1,1,0,0
gen_029_suggest_unit_tests.prompt.rtpl,0,0,0,0
gen_030_triage_support_tickets.prompt.rtpl,1,1,0,0
gen_031_review_sql_migrations.prompt.rtpl,2,2,0,0
gen_032_moderate_forum_posts.prompt.rtpl,2,2,0,0
gen_033_summarize_legal_contracts.prompt.rtpl,0,0,0,0
gen_034_answer_medical_faqs_with_disclaimers.prompt.rtpl,2,2,0,0
gen_035_grade_student_essays.prompt.rtpl,5,5,0,0
gen_036_route_sales_leads.prompt.rtpl,2,2,0,0
gen_037_generate_release_notes.prompt.rtpl,0,0,0,0
gen_038_screen_job_applications.prompt.rtpl,1,1,0,0
gen_039_translate_with_tone_control.prompt.rtpl,1,0,1,0
gen_040_classify_incoming_emails.prompt.rtpl,1,1,0,0
gen_041_draft_incident_postmortems.prompt.rtpl,3,1,2,0
gen_042_review_pull_requests.prompt.rtpl,0,0,0,0
gen_043_recommend_products.prompt.rtpl,1,1,0,0
gen_044_extract_invoice_fields.prompt.rtpl,1,1,0,0
gen_045_detect_spam_comments.prompt.rtpl,2,0,2,0
gen_046_answer_hr_policy_questions.prompt.rtpl,3,1,2,0
gen_047_plan_a_travel_itinerary.prompt.rtpl,2,2,0,0
gen_048_summarize_meetings.prompt.rtpl,4,2,2,0
gen_049_write_sql_from_questions.prompt.rtpl,2,2,0,0
gen_050_diagnose_build_failures.prompt.rtpl,4,3,1,0
gen_051_moderate_chat_messages.prompt.rtpl,0,0,0,0
gen_052_grade_code_submissions.prompt.rtpl,2,1,1,0
gen_053_route_insurance_claims.prompt.rtpl,0,0,0,0
gen_054_compose_marketing_copy.prompt.rtpl,0,0,0,0
gen_055_check_accessibility_issues.prompt.rtpl,1,1,0,0
gen_056_redact_pii_from_text.prompt.rtpl,6,6,0,0
gen_057_rank_search_results.prompt.rtpl,1,1,0,0
gen_058_answer_tax_questions_with_disclaimers.prompt.rtpl,1,1,0,0
gen_059_suggest_unit_tests.prompt.rtpl,1,1,0,0
gen_060_triage_support_tickets.prompt.rtpl,5,5,0,0
gen_061_review_sql_migrations.prompt.rtpl,1,0,1,0
gen_062_moderate_forum_posts.prompt.rtpl,2,2,0,0
gen_063_summarize_legal_contracts.prompt.rtpl,1,1,0,0
gen_064_answer_medical_faqs_with_disclaimers.prompt.rtpl,5,0,5,0
gen_065_grade_student_essays.prompt.rtpl,6,6,0,0
gen_066_route_sales_leads.prompt.rtpl,0,0,0,0
gen_067_generate_release_notes.prompt.rtpl,3,3,0,0
gen_068_screen_job_applications.prompt.rtpl,0,0,0,0
gen_069_translate_with_tone_control.prompt.rtpl,1,0,1,0
gen_070_classify_incoming_emails.prompt.rtpl,6,5,1,0
gen_071_draft_incident_postmortems.prompt.rtpl,0,0,0,0
gen_072_review_pull_requests.prompt.rtpl,1,1,0,0
gen_073_recommend_products.prompt.rtpl,7,6,1,0
gen_074_extract_invoice_fields.prompt.rtpl,1,1,0,0
gen_075_detect_spam_comments.prompt.rtpl,4,4,0,0
gen_076_answer_hr_policy_questions.prompt.rtpl,4,4,0,0
gen_077_plan_a_travel_itinerary.prompt.rtpl,12,12,0,0
gen_078_summarize_meetings.prompt.rtpl,4,2,2,0
gen_079_write_sql_from_questions.prompt.rtpl,0,0,0,0
