prompt,operator,mutant,within_original,within_mutant,between,margin,detected,repeats,dropped_runs
gen_021_moderate_chat_messages.prompt.rtpl,DropRule,DropRule@L13,0.0987,0.3133,0.228,-0.1294,0,5,0
gen_017_plan_a_travel_itinerary.prompt.rtpl,SwapRules,SwapRules@L15-18,0.3646,0.3597,0.3845,-0.0249,0,5,0
gen_019_write_sql_from_questions.prompt.rtpl,NegateCondition,NegateCondition@L31,0.6669,0.6609,0.6179,0.043,1,5,0
gen_076_answer_hr_policy_questions.prompt.rtpl,DropRule,DropRule@L22,0.6217,0.7252,0.5495,0.0722,1,5,0
gen_046_answer_hr_policy_questions.prompt.rtpl,DropRule,DropRule@L20,0.5134,0.2437,0.3722,-0.1285,0,5,0
gen_014_extract_invoice_fields.prompt.rtpl,NegateCondition,NegateCondition@L31,1.0,1.0,1.0,0.0,0,5,0
gen_070_classify_incoming_emails.prompt.rtpl,DropRule,DropRule@L19,0.45,0.7,0.62,-0.17,0,5,0
content_moderation.prompt.rtpl,DropRule,DropRule@L1,0.6019,0.6131,0.4611,0.1409,1,5,0
gen_007_generate_release_notes.prompt.rtpl,SwapRules,SwapRules@L3-6,0.2628,0.2705,0.2718,-0.0089,0,5,0
gen_076_answer_hr_policy_questions.prompt.rtpl,NegateCondition,NegateCondition@L13,0.5315,0.5679,0.5193,0.0121,1,5,0
gen_050_diagnose_build_failures.prompt.rtpl,SwapRules,SwapRules@L3-6,0.3069,0.2602,0.2775,-0.0172,0,5,0
gen_007_generate_release_notes.prompt.rtpl,NegateCondition,NegateCondition@L23,0.418,0.3308,0.2852,0.0455,1,5,0
gen_036_route_sales_leads.prompt.rtpl,NegateCondition,NegateCondition@L54,0.2861,0.3154,0.2528,0.0334,1,5,0
gen_033_summarize_legal_contracts.prompt.rtpl,NegateCondition,NegateCondition@L26,0.461,0.6917,0.5802,-0.1192,0,5,0
gen_066_route_sales_leads.prompt.rtpl,DropRule,DropRule@L6,0.3351,0.3495,0.3272,0.0079,1,5,0
gen_008_screen_job_applications.prompt.rtpl,DropRule,DropRule@L3,0.4765,0.3871,0.376,0.0111,1,5,0
gen_025_check_accessibility_issues.prompt.rtpl,DropRule,DropRule@L3,0.7778,0.3127,0.3654,-0.0528,0,5,0
gen_024_compose_marketing_copy.prompt.rtpl,SwapRules,SwapRules@L6-9,0.2001,0.2768,0.2285,-0.0285,0,5,0
gen_065_grade_student_essays.prompt.rtpl,DropRule,DropRule@L30,0.3545,0.3166,0.3169,-0.0004,0,4,1
gen_064_answer_medical_faqs_with_disclaimers.prompt.rtpl,SwapRules,SwapRules@L39-42,0.3447,0.3624,0.3592,-0.0144,0,5,0
gen_026_redact_pii_from_text.prompt.rtpl,NegateCondition,NegateCondition@L39,0.9111,1.0,0.86,0.0511,1,5,0
gen_035_grade_student_essays.prompt.rtpl,SwapRules,SwapRules@L32-38,0.2714,0.243,0.2494,-0.0065,0,5,0
gen_062_moderate_forum_posts.prompt.rtpl,NegateCondition,NegateCondition@L54,0.1973,0.3497,0.246,-0.0487,0,5,0
gen_068_screen_job_applications.prompt.rtpl,DropRule,DropRule@L15,0.4217,0.4127,0.3947,0.018,1,5,0
gen_061_review_sql_migrations.prompt.rtpl,NegateCondition,NegateCondition@L52,0.3642,0.366,0.3623,0.002,1,5,0
gen_076_answer_hr_policy_questions.prompt.rtpl,DropRule,DropRule@L19,0.5146,0.5835,0.5549,-0.0403,0,5,0
gen_064_answer_medical_faqs_with_disclaimers.prompt.rtpl,DropRule,DropRule@L39,0.3914,0.2504,0.249,0.0014,1,5,0
gen_030_triage_support_tickets.prompt.rtpl,DropRule,DropRule@L15,0.5517,0.4333,0.4434,-0.0102,0,5,0
gen_078_summarize_meetings.prompt.rtpl,NegateCondition,NegateCondition@L23,0.3511,0.5377,0.4712,-0.1201,0,5,0
gen_046_answer_hr_policy_questions.prompt.rtpl,NegateCondition,NegateCondition@L34,0.373,0.1849,0.1613,0.0236,1,5,0
gen_008_screen_job_applications.prompt.rtpl,SwapRules,SwapRules@L31-44,0.4377,0.4614,0.4585,-0.0209,0,5,0
gen_028_answer_tax_questions_with_disclaimers.prompt.rtpl,NegateCondition,NegateCondition@L21,0.5364,0.5182,0.4239,0.0943,1,5,0
gen_045_detect_spam_comments.prompt.rtpl,NegateCondition,NegateCondition@L16,0.8,0.8667,0.8533,-0.0533,0,5,0
gen_059_suggest_unit_tests.prompt.rtpl,DropRule,DropRule@L6,0.256,0.2412,0.2366,0.0046,1,5,0
gen_033_summarize_legal_contracts.prompt.rtpl,DropRule,DropRule@L6,0.6395,0.2024,0.2618,-0.0594,0,5,0
gen_054_compose_marketing_copy.prompt.rtpl,DropRule,DropRule@L9,0.1508,0.113,0.152,-0.039,0,5,0
gen_061_review_sql_migrations.prompt.rtpl,NegateCondition,NegateCondition@L28,0.3366,0.3154,0.3039,0.0115,1,5,0
gen_014_extract_invoice_fields.prompt.rtpl,DropRule,DropRule@L6,1.0,1.0,1.0,0.0,0,5,0
gen_030_triage_support_tickets.prompt.rtpl,SwapRules,SwapRules@L6-12,0.4418,0.6379,0.5304,-0.0886,0,5,0
gen_029_suggest_unit_tests.prompt.rtpl,NegateCondition,NegateCondition@L12,0.9556,0.3801,0.1291,0.251,1,5,0
gen_077_plan_a_travel_itinerary.prompt.rtpl,SwapRules,SwapRules@L16-19,0.3921,0.3904,0.3737,0.0168,1,5,0
gen_015_detect_spam_comments.prompt.rtpl,DropRule,DropRule@L6,1.0,1.0,1.0,0.0,0,5,0
gen_000_triage_support_tickets.prompt.rtpl,SwapRules,SwapRules@L3-6,1.0,1.0,1.0,0.0,0,5,0
gen_069_translate_with_tone_control.prompt.rtpl,NegateCondition,NegateCondition@L39,0.5291,0.4919,0.5204,-0.0285,0,5,0
gen_013_recommend_products.prompt.rtpl,DropRule,DropRule@L12,0.794,0.531,0.5251,0.0058,1,5,0
gen_054_compose_marketing_copy.prompt.rtpl,SwapRules,SwapRules@L9-12,0.1346,0.2534,0.2288,-0.0942,0,5,0
gen_000_triage_support_tickets.prompt.rtpl,DropRule,DropRule@L17,1.0,0.6737,0.8368,-0.1632,0,5,0
gen_026_redact_pii_from_text.prompt.rtpl,SwapRules,SwapRules@L15-18,1.0,1.0,1.0,0.0,0,5,0
code_review.prompt.rtpl,DropRule,DropRule@L9,0.3377,0.3619,0.3132,0.0244,1,5,0
gen_019_write_sql_from_questions.prompt.rtpl,NegateCondition,NegateCondition@L36,0.5716,0.6678,0.6078,-0.0362,0,5,0
gen_006_route_sales_leads.prompt.rtpl,DropRule,DropRule@L3,0.3763,0.3091,0.289,0.0201,1,5,0
gen_067_generate_release_notes.prompt.rtpl,SwapRules,SwapRules@L16-32,0.192,0.3298,0.124,0.068,1,5,0
gen_026_redact_pii_from_text.prompt.rtpl,DropRule,DropRule@L27,1.0,0.9111,0.9556,-0.0444,0,5,0
gen_015_detect_spam_comments.prompt.rtpl,NegateCondition,NegateCondition@L21,0.8,1.0,0.9,-0.1,0,5,0
gen_008_screen_job_applications.prompt.rtpl,NegateCondition,NegateCondition@L9,0.3969,0.3584,0.3904,-0.032,0,5,0
gen_020_diagnose_build_failures.prompt.rtpl,NegateCondition,NegateCondition@L17,0.3359,0.376,0.3103,0.0256,1,5,0
gen_073_recommend_products.prompt.rtpl,DropRule,DropRule@L3,0.3282,0.3939,0.3458,-0.0176,0,5,0
code_review.prompt.rtpl,DropRule,DropRule@L19,0.3675,0.3616,0.3092,0.0524,1,5,0
gen_006_route_sales_leads.prompt.rtpl,NegateCondition,NegateCondition@L25,0.34,0.3332,0.3313,0.002,1,5,0
gen_003_summarize_legal_contracts.prompt.rtpl,SwapRules,SwapRules@L3-6,0.2099,0.3054,0.2615,-0.0516,0,5,0
gen_046_answer_hr_policy_questions.prompt.rtpl,SwapRules,SwapRules@L11-14,0.3262,0.3436,0.3522,-0.026,0,5,0
gen_050_diagnose_build_failures.prompt.rtpl,NegateCondition,NegateCondition@L25,0.2725,0.3163,0.2883,-0.0158,0,5,0
gen_024_compose_marketing_copy.prompt.rtpl,NegateCondition,NegateCondition@L27,0.3566,0.2402,0.3032,-0.063,0,5,0
gen_078_summarize_meetings.prompt.rtpl,NegateCondition,NegateCondition@L39,0.4657,0.4866,0.4794,-0.0137,0,5,0
gen_019_write_sql_from_questions.prompt.rtpl,SwapRules,SwapRules@L6-9,0.521,0.5925,0.5268,-0.0058,0,5,0
gen_039_translate_with_tone_control.prompt.rtpl,NegateCondition,NegateCondition@L27,0.2461,0.4563,0.3384,-0.0923,0,5,0
gen_035_grade_student_essays.prompt.rtpl,DropRule,DropRule@L16,0.3925,0.318,0.2897,0.0284,1,3,2
code_review.prompt.rtpl,NegateCondition,NegateCondition@L14,0.3627,0.3155,0.3113,0.0042,1,5,0
gen_047_plan_a_travel_itinerary.prompt.rtpl,SwapRules,SwapRules@L19-31,0.3359,0.4014,0.3499,-0.014,0,5,0
gen_063_summarize_legal_contracts.prompt.rtpl,DropRule,DropRule@L3,0.3589,0.337,0.3451,-0.008,0,5,0
gen_044_extract_invoice_fields.prompt.rtpl,NegateCondition,NegateCondition@L18,0.4571,1.0,0.0391,0.418,1,5,0
gen_059_suggest_unit_tests.prompt.rtpl,SwapRules,SwapRules@L6-9,0.2597,0.2812,0.2704,-0.0107,0,4,1
gen_006_route_sales_leads.prompt.rtpl,SwapRules,SwapRules@L9-12,0.3498,0.3146,0.3504,-0.0357,0,5,0
gen_054_compose_marketing_copy.prompt.rtpl,DropRule,DropRule@L3,0.1677,0.113,0.1439,-0.0309,0,5,0
gen_061_review_sql_migrations.prompt.rtpl,SwapRules,SwapRules@L16-19,0.3509,0.3475,0.3574,-0.0098,0,5,0
gen_036_route_sales_leads.prompt.rtpl,DropRule,DropRule@L3,0.3787,0.4073,0.3065,0.0722,1,5,0
gen_046_answer_hr_policy_questions.prompt.rtpl,DropRule,DropRule@L14,0.4508,0.3244,0.2363,0.0881,1,5,0
gen_035_grade_student_essays.prompt.rtpl,SwapRules,SwapRules@L3-9,0.3051,0.1587,0.2665,-0.1078,0,3,2
gen_068_screen_job_applications.prompt.rtpl,NegateCondition,NegateCondition@L51,0.4368,0.4152,0.4073,0.0079,1,5,0
gen_065_grade_student_essays.prompt.rtpl,DropRule,DropRule@L34,0.3407,0.3461,0.2988,0.042,1,5,0
