prompt,operator,mutant,repeats,d_observed,p_permutation,n_splits,significant,responses_identical
code_review.prompt.rtpl,DropRule,DropRule@L19,5,0.0554,0.0079,126,1,0
code_review.prompt.rtpl,DropRule,DropRule@L9,5,0.0366,0.0079,126,1,0
code_review.prompt.rtpl,NegateCondition,NegateCondition@L14,5,0.0278,0.0079,126,1,0
content_moderation.prompt.rtpl,DropRule,DropRule@L1,5,0.1464,0.0159,126,1,0
gen_000_triage_support_tickets.prompt.rtpl,DropRule,DropRule@L17,5,0.0,1.0,126,0,0
gen_000_triage_support_tickets.prompt.rtpl,SwapRules,SwapRules@L3-6,5,0.0,1.0,126,0,1
gen_003_summarize_legal_contracts.prompt.rtpl,SwapRules,SwapRules@L3-6,5,-0.0038,0.5952,126,0,0
gen_006_route_sales_leads.prompt.rtpl,DropRule,DropRule@L3,5,0.0537,0.0079,126,1,0
gen_006_route_sales_leads.prompt.rtpl,NegateCondition,NegateCondition@L25,5,0.0054,0.2698,126,0,0
gen_006_route_sales_leads.prompt.rtpl,SwapRules,SwapRules@L9-12,5,-0.0181,0.9683,126,0,0
gen_007_generate_release_notes.prompt.rtpl,NegateCondition,NegateCondition@L23,5,0.0891,0.0397,126,1,0
gen_007_generate_release_notes.prompt.rtpl,SwapRules,SwapRules@L3-6,5,-0.0051,0.4603,126,0,0
gen_008_screen_job_applications.prompt.rtpl,DropRule,DropRule@L3,5,0.0558,0.1032,126,0,0
gen_008_screen_job_applications.prompt.rtpl,NegateCondition,NegateCondition@L9,5,-0.0127,0.6429,126,0,0
gen_008_screen_job_applications.prompt.rtpl,SwapRules,SwapRules@L31-44,5,-0.009,0.5873,126,0,0
gen_013_recommend_products.prompt.rtpl,DropRule,DropRule@L12,5,0.1374,0.0159,126,1,0
gen_014_extract_invoice_fields.prompt.rtpl,DropRule,DropRule@L6,5,0.0,1.0,126,0,1
gen_014_extract_invoice_fields.prompt.rtpl,NegateCondition,NegateCondition@L31,5,0.0,1.0,126,0,1
gen_015_detect_spam_comments.prompt.rtpl,DropRule,DropRule@L6,5,0.0,1.0,126,0,1
gen_015_detect_spam_comments.prompt.rtpl,NegateCondition,NegateCondition@L21,5,0.0,1.0,126,0,0
gen_017_plan_a_travel_itinerary.prompt.rtpl,SwapRules,SwapRules@L15-18,5,-0.0224,0.9762,126,0,0
gen_019_write_sql_from_questions.prompt.rtpl,NegateCondition,NegateCondition@L31,5,0.046,0.1587,126,0,0
gen_019_write_sql_from_questions.prompt.rtpl,NegateCondition,NegateCondition@L36,5,0.0119,0.3333,126,0,0
gen_019_write_sql_from_questions.prompt.rtpl,SwapRules,SwapRules@L6-9,5,0.03,0.2302,126,0,0
gen_020_diagnose_build_failures.prompt.rtpl,NegateCondition,NegateCondition@L17,5,0.0457,0.0635,126,0,0
gen_021_moderate_chat_messages.prompt.rtpl,DropRule,DropRule@L13,5,-0.0221,0.5714,126,0,0
gen_024_compose_marketing_copy.prompt.rtpl,NegateCondition,NegateCondition@L27,5,-0.0048,0.4841,126,0,0
gen_024_compose_marketing_copy.prompt.rtpl,SwapRules,SwapRules@L6-9,5,0.0099,0.3889,126,0,0
gen_025_check_accessibility_issues.prompt.rtpl,DropRule,DropRule@L3,5,0.1798,0.0159,126,1,0
gen_026_redact_pii_from_text.prompt.rtpl,DropRule,DropRule@L27,5,0.0,1.0,126,0,0
gen_026_redact_pii_from_text.prompt.rtpl,NegateCondition,NegateCondition@L39,5,0.0956,0.0079,126,1,0
gen_026_redact_pii_from_text.prompt.rtpl,SwapRules,SwapRules@L15-18,5,0.0,1.0,126,0,1
gen_028_answer_tax_questions_with_disclaimers.prompt.rtpl,NegateCondition,NegateCondition@L21,5,0.1034,0.0079,126,1,0
gen_029_suggest_unit_tests.prompt.rtpl,NegateCondition,NegateCondition@L12,5,0.5387,0.0079,126,1,0
gen_030_triage_support_tickets.prompt.rtpl,DropRule,DropRule@L15,5,0.049,0.0159,126,1,0
gen_030_triage_support_tickets.prompt.rtpl,SwapRules,SwapRules@L6-12,5,0.0095,0.3333,126,0,0
gen_033_summarize_legal_contracts.prompt.rtpl,DropRule,DropRule@L6,5,0.1591,0.0238,126,1,0
gen_033_summarize_legal_contracts.prompt.rtpl,NegateCondition,NegateCondition@L26,5,-0.0039,0.5556,126,0,0
gen_035_grade_student_essays.prompt.rtpl,DropRule,DropRule@L16,3,0.0656,0.1,10,0,0
gen_035_grade_student_essays.prompt.rtpl,SwapRules,SwapRules@L3-9,3,-0.0346,0.9,10,0,0
gen_035_grade_student_essays.prompt.rtpl,SwapRules,SwapRules@L32-38,5,0.0078,0.3016,126,0,0
gen_036_route_sales_leads.prompt.rtpl,DropRule,DropRule@L3,5,0.0865,0.1349,126,0,0
gen_036_route_sales_leads.prompt.rtpl,NegateCondition,NegateCondition@L54,5,0.048,0.0714,126,0,0
gen_039_translate_with_tone_control.prompt.rtpl,NegateCondition,NegateCondition@L27,5,0.0128,0.2778,126,0,0
gen_044_extract_invoice_fields.prompt.rtpl,NegateCondition,NegateCondition@L18,5,0.6895,0.0079,126,1,0
gen_045_detect_spam_comments.prompt.rtpl,NegateCondition,NegateCondition@L16,5,-0.02,1.0,126,0,0
gen_046_answer_hr_policy_questions.prompt.rtpl,DropRule,DropRule@L14,5,0.1513,0.0397,126,1,0
gen_046_answer_hr_policy_questions.prompt.rtpl,DropRule,DropRule@L20,5,0.0063,0.4286,126,0,0
gen_046_answer_hr_policy_questions.prompt.rtpl,NegateCondition,NegateCondition@L34,5,0.1176,0.0159,126,1,0
gen_046_answer_hr_policy_questions.prompt.rtpl,SwapRules,SwapRules@L11-14,5,-0.0173,0.5635,126,0,0
gen_047_plan_a_travel_itinerary.prompt.rtpl,SwapRules,SwapRules@L19-31,5,0.0187,0.0635,126,0,0
gen_050_diagnose_build_failures.prompt.rtpl,NegateCondition,NegateCondition@L25,5,0.0061,0.1825,126,0,0
gen_050_diagnose_build_failures.prompt.rtpl,SwapRules,SwapRules@L3-6,5,0.0061,0.1746,126,0,0
gen_054_compose_marketing_copy.prompt.rtpl,DropRule,DropRule@L3,5,-0.0035,0.2698,126,0,0
gen_054_compose_marketing_copy.prompt.rtpl,DropRule,DropRule@L9,5,-0.0201,0.6508,126,0,0
gen_054_compose_marketing_copy.prompt.rtpl,SwapRules,SwapRules@L9-12,5,-0.0348,0.881,126,0,0
gen_059_suggest_unit_tests.prompt.rtpl,DropRule,DropRule@L6,5,0.012,0.0476,126,1,0
gen_059_suggest_unit_tests.prompt.rtpl,SwapRules,SwapRules@L6-9,4,0.0,0.4571,35,0,0
gen_061_review_sql_migrations.prompt.rtpl,NegateCondition,NegateCondition@L28,5,0.0221,0.0635,126,0,0
gen_061_review_sql_migrations.prompt.rtpl,NegateCondition,NegateCondition@L52,5,0.0029,0.3254,126,0,0
gen_061_review_sql_migrations.prompt.rtpl,SwapRules,SwapRules@L16-19,5,-0.0082,0.8492,126,0,0
gen_062_moderate_forum_posts.prompt.rtpl,NegateCondition,NegateCondition@L54,5,0.0274,0.1587,126,0,0
gen_063_summarize_legal_contracts.prompt.rtpl,DropRule,DropRule@L3,5,0.0029,0.4762,126,0,0
gen_064_answer_medical_faqs_with_disclaimers.prompt.rtpl,DropRule,DropRule@L39,5,0.0719,0.1349,126,0,0
gen_064_answer_medical_faqs_with_disclaimers.prompt.rtpl,SwapRules,SwapRules@L39-42,5,-0.0056,0.4683,126,0,0
gen_065_grade_student_essays.prompt.rtpl,DropRule,DropRule@L30,4,0.0186,0.2857,35,0,0
gen_065_grade_student_essays.prompt.rtpl,DropRule,DropRule@L34,5,0.0447,0.0556,126,0,0
gen_066_route_sales_leads.prompt.rtpl,DropRule,DropRule@L6,5,0.0151,0.1984,126,0,0
gen_067_generate_release_notes.prompt.rtpl,SwapRules,SwapRules@L16-32,5,0.1369,0.0079,126,1,0
gen_068_screen_job_applications.prompt.rtpl,DropRule,DropRule@L15,5,0.0225,0.2063,126,0,0
gen_068_screen_job_applications.prompt.rtpl,NegateCondition,NegateCondition@L51,5,0.0187,0.2222,126,0,0
gen_069_translate_with_tone_control.prompt.rtpl,NegateCondition,NegateCondition@L39,5,-0.0098,0.5794,126,0,0
gen_070_classify_incoming_emails.prompt.rtpl,DropRule,DropRule@L19,5,-0.045,1.0,126,0,0
gen_073_recommend_products.prompt.rtpl,DropRule,DropRule@L3,5,0.0152,0.1825,126,0,0
gen_076_answer_hr_policy_questions.prompt.rtpl,DropRule,DropRule@L19,5,-0.0059,0.5476,126,0,0
gen_076_answer_hr_policy_questions.prompt.rtpl,DropRule,DropRule@L22,5,0.124,0.0079,126,1,0
gen_076_answer_hr_policy_questions.prompt.rtpl,NegateCondition,NegateCondition@L13,5,0.0303,0.1508,126,0,0
gen_077_plan_a_travel_itinerary.prompt.rtpl,SwapRules,SwapRules@L16-19,5,0.0176,0.127,126,0,0
gen_078_summarize_meetings.prompt.rtpl,NegateCondition,NegateCondition@L23,5,-0.0267,0.7857,126,0,0
gen_078_summarize_meetings.prompt.rtpl,NegateCondition,NegateCondition@L39,5,-0.0032,0.4365,126,0,0
