file,total_rules,rule_cov_structural,rule_cov_trace,condition_cov,branch_cov,total_rule_pairs,rule_pair_cov,mutation_score,total_mutants,killed_mutants
./corpus/synthetic/code_review.prompt.rtpl,5,1.0000,1.0000,1.0000,1.0000,10,0.8000,0.6875,16,11
./corpus/synthetic/content_moderation.prompt.rtpl,5,1.0000,1.0000,1.0000,1.0000,10,0.8000,0.7059,17,12
./corpus/synthetic/customer_support.prompt.rtpl,5,1.0000,1.0000,1.0000,1.0000,10,0.8000,0.7500,16,12
./corpus/synthetic/gen_000_triage_support_tickets.prompt.rtpl,4,1.0000,1.0000,1.0000,0.5000,6,1.0000,0.8333,18,15
./corpus/synthetic/gen_002_moderate_forum_posts.prompt.rtpl,5,1.0000,1.0000,1.0000,0.8333,10,1.0000,0.8519,27,23
./corpus/synthetic/gen_003_summarize_legal_contracts.prompt.rtpl,4,1.0000,1.0000,1.0000,0.8333,6,1.0000,0.7500,20,15
./corpus/synthetic/gen_004_answer_medical_faqs_with_disclaimers.prompt.rtpl,11,0.9091,0.9091,1.0000,0.8333,55,0.5091,0.7619,42,32
./corpus/synthetic/gen_005_grade_student_essays.prompt.rtpl,2,1.0000,1.0000,1.0000,0.5000,1,1.0000,0.9000,10,9
./corpus/synthetic/gen_006_route_sales_leads.prompt.rtpl,4,1.0000,1.0000,1.0000,0.7500,6,1.0000,0.8571,21,18
./corpus/synthetic/gen_008_screen_job_applications.prompt.rtpl,6,0.8333,0.8333,1.0000,0.6000,15,0.6667,0.7143,28,20
./corpus/synthetic/gen_009_translate_with_tone_control.prompt.rtpl,6,1.0000,1.0000,1.0000,1.0000,15,0.9333,0.7500,24,18
./corpus/synthetic/gen_013_recommend_products.prompt.rtpl,4,1.0000,1.0000,1.0000,0.2500,6,1.0000,0.6667,15,10
./corpus/synthetic/gen_015_detect_spam_comments.prompt.rtpl,4,1.0000,1.0000,1.0000,1.0000,6,1.0000,0.5789,19,11
./corpus/synthetic/gen_017_plan_a_travel_itinerary.prompt.rtpl,14,1.0000,1.0000,1.0000,1.0000,91,0.9780,0.8889,54,48
./corpus/synthetic/gen_018_summarize_meetings.prompt.rtpl,5,1.0000,1.0000,1.0000,1.0000,10,0.9000,0.6364,22,14
./corpus/synthetic/gen_019_write_sql_from_questions.prompt.rtpl,8,1.0000,1.0000,1.0000,1.0000,28,0.7857,0.8056,36,29
./corpus/synthetic/gen_020_diagnose_build_failures.prompt.rtpl,7,0.7143,0.7143,0.5000,0.1667,21,0.4762,0.5000,30,15
./corpus/synthetic/gen_021_moderate_chat_messages.prompt.rtpl,8,1.0000,1.0000,1.0000,1.0000,28,0.8214,0.8485,33,28
./corpus/synthetic/gen_022_grade_code_submissions.prompt.rtpl,7,1.0000,1.0000,1.0000,0.7500,21,0.7143,0.6552,29,19
./corpus/synthetic/gen_023_route_insurance_claims.prompt.rtpl,4,1.0000,1.0000,1.0000,1.0000,6,1.0000,0.7083,24,17
./corpus/synthetic/gen_025_check_accessibility_issues.prompt.rtpl,5,0.2000,0.2000,0.5000,0.1667,10,0.0000,0.1304,23,3
./corpus/synthetic/gen_026_redact_pii_from_text.prompt.rtpl,8,1.0000,1.0000,1.0000,1.0000,28,1.0000,0.8857,35,31
./corpus/synthetic/gen_027_rank_search_results.prompt.rtpl,4,1.0000,1.0000,1.0000,0.5000,6,1.0000,0.5556,18,10
./corpus/synthetic/gen_028_answer_tax_questions_with_disclaimers.prompt.rtpl,4,1.0000,1.0000,1.0000,0.8333,6,1.0000,0.7500,20,15
./corpus/synthetic/gen_029_suggest_unit_tests.prompt.rtpl,8,1.0000,1.0000,1.0000,1.0000,28,1.0000,0.9615,26,25
./corpus/synthetic/gen_030_triage_support_tickets.prompt.rtpl,5,1.0000,1.0000,1.0000,1.0000,10,1.0000,0.6957,23,16
./corpus/synthetic/gen_032_moderate_forum_posts.prompt.rtpl,5,1.0000,1.0000,1.0000,0.6429,10,1.0000,0.7857,28,22
./corpus/synthetic/gen_033_summarize_legal_contracts.prompt.rtpl,4,1.0000,1.0000,1.0000,0.5000,6,1.0000,0.5789,19,11
./corpus/synthetic/gen_034_answer_medical_faqs_with_disclaimers.prompt.rtpl,4,1.0000,1.0000,1.0000,0.5000,6,1.0000,0.8500,20,17
./corpus/synthetic/gen_035_grade_student_essays.prompt.rtpl,9,1.0000,1.0000,1.0000,0.5000,36,1.0000,0.8537,41,35
./corpus/synthetic/gen_036_route_sales_leads.prompt.rtpl,4,1.0000,1.0000,1.0000,0.3333,6,1.0000,0.7308,26,19
./corpus/synthetic/gen_039_translate_with_tone_control.prompt.rtpl,4,0.7500,0.7500,1.0000,1.0000,3,0.3333,0.5263,19,10
./corpus/synthetic/gen_040_classify_incoming_emails.prompt.rtpl,4,1.0000,1.0000,1.0000,0.5000,6,1.0000,0.7391,23,17
./corpus/synthetic/gen_042_review_pull_requests.prompt.rtpl,4,1.0000,1.0000,1.0000,0.8000,6,1.0000,0.6364,22,14
./corpus/synthetic/gen_044_extract_invoice_fields.prompt.rtpl,3,1.0000,1.0000,1.0000,1.0000,3,1.0000,0.7857,14,11
./corpus/synthetic/gen_045_detect_spam_comments.prompt.rtpl,6,0.6667,0.6667,1.0000,0.7000,15,0.2000,0.4800,25,12
./corpus/synthetic/gen_046_answer_hr_policy_questions.prompt.rtpl,7,1.0000,1.0000,1.0000,1.0000,21,0.8571,0.6129,31,19
./corpus/synthetic/gen_048_summarize_meetings.prompt.rtpl,6,1.0000,1.0000,1.0000,1.0000,15,0.9333,0.8333,24,20
./corpus/synthetic/gen_050_diagnose_build_failures.prompt.rtpl,7,1.0000,1.0000,1.0000,1.0000,21,0.6667,0.7586,29,22
./corpus/synthetic/gen_052_grade_code_submissions.prompt.rtpl,5,1.0000,1.0000,1.0000,1.0000,10,1.0000,0.8182,22,18
./corpus/synthetic/gen_053_route_insurance_claims.prompt.rtpl,9,1.0000,1.0000,1.0000,1.0000,36,0.9167,0.9167,24,22
./corpus/synthetic/gen_054_compose_marketing_copy.prompt.rtpl,4,1.0000,1.0000,1.0000,0.2500,6,1.0000,0.5263,19,10
./corpus/synthetic/gen_055_check_accessibility_issues.prompt.rtpl,6,1.0000,1.0000,1.0000,0.7000,15,0.7333,0.6667,27,18
./corpus/synthetic/gen_056_redact_pii_from_text.prompt.rtpl,7,1.0000,1.0000,1.0000,1.0000,21,1.0000,0.9706,34,33
./corpus/synthetic/gen_058_answer_tax_questions_with_disclaimers.prompt.rtpl,4,1.0000,1.0000,1.0000,0.5000,6,1.0000,0.6667,18,12
./corpus/synthetic/gen_059_suggest_unit_tests.prompt.rtpl,4,1.0000,1.0000,1.0000,1.0000,6,1.0000,0.7368,19,14
./corpus/synthetic/gen_061_review_sql_migrations.prompt.rtpl,6,0.8333,0.8333,1.0000,0.5833,15,0.6667,0.6000,30,18
./corpus/synthetic/gen_062_moderate_forum_posts.prompt.rtpl,5,1.0000,1.0000,1.0000,0.7778,10,1.0000,0.8333,30,25
./corpus/synthetic/gen_063_summarize_legal_contracts.prompt.rtpl,4,1.0000,1.0000,1.0000,1.0000,6,1.0000,0.7368,19,14
./corpus/synthetic/gen_064_answer_medical_faqs_with_disclaimers.prompt.rtpl,7,0.5714,0.5714,1.0000,0.7500,21,0.0952,0.5161,31,16
./corpus/synthetic/gen_065_grade_student_essays.prompt.rtpl,9,0.8889,0.8889,1.0000,0.7500,36,0.7500,0.7576,33,25
./corpus/synthetic/gen_066_route_sales_leads.prompt.rtpl,6,0.5000,0.5000,1.0000,0.5000,15,0.2000,0.5000,18,9
./corpus/synthetic/gen_068_screen_job_applications.prompt.rtpl,5,1.0000,1.0000,1.0000,0.8000,10,1.0000,0.9524,21,20
./corpus/synthetic/gen_069_translate_with_tone_control.prompt.rtpl,7,1.0000,1.0000,1.0000,1.0000,21,0.6667,0.6897,29,20
./corpus/synthetic/gen_070_classify_incoming_emails.prompt.rtpl,7,1.0000,1.0000,1.0000,0.8750,21,0.9524,0.9667,30,29
./corpus/synthetic/gen_071_draft_incident_postmortems.prompt.rtpl,4,1.0000,1.0000,1.0000,0.8571,6,1.0000,0.6667,24,16
./corpus/synthetic/gen_074_extract_invoice_fields.prompt.rtpl,4,1.0000,1.0000,1.0000,1.0000,6,1.0000,0.6500,20,13
./corpus/synthetic/gen_076_answer_hr_policy_questions.prompt.rtpl,8,1.0000,1.0000,1.0000,0.5000,28,1.0000,0.8333,36,30
./corpus/synthetic/gen_077_plan_a_travel_itinerary.prompt.rtpl,13,0.9231,0.9231,1.0000,0.9000,78,0.7051,0.9149,47,43
./corpus/synthetic/gen_078_summarize_meetings.prompt.rtpl,8,0.8750,0.8750,1.0000,0.9000,28,0.6786,0.7647,34,26
