prompt,model,successful_runs,mean_nodes,std_nodes,mean_jaccard,id_stability,mean_confidence
code_review.prompt.rtpl,qwen3-coder-next,3,10,0.82,0.727,0.615,0.95
code_review.prompt.rtpl,ministral-3:8b,3,8,0.0,1.0,1.0,1.0
content_moderation.prompt.rtpl,qwen3-coder-next,3,8.67,0.47,0.859,0.8,0.993
content_moderation.prompt.rtpl,ministral-3:8b,3,9,0.0,0.867,0.8,0.983
customer_support.prompt.rtpl,qwen3-coder-next,3,10,0.0,0.717,0.615,0.95
customer_support.prompt.rtpl,ministral-3:8b,3,9,0.82,0.805,0.727,0.967
gen_000_triage_support_tickets.prompt.rtpl,qwen3-coder-next,3,8.67,1.7,0.612,0.462,0.95
gen_000_triage_support_tickets.prompt.rtpl,ministral-3:8b,3,9,0.0,1.0,1.0,0.95
gen_001_review_sql_migrations.prompt.rtpl,qwen3-coder-next,3,13.33,1.25,0.486,0.364,0.94
gen_001_review_sql_migrations.prompt.rtpl,ministral-3:8b,2,11,1.0,0.833,0.833,1.0
gen_002_moderate_forum_posts.prompt.rtpl,qwen3-coder-next,3,13,0.0,0.629,0.5,0.967
gen_002_moderate_forum_posts.prompt.rtpl,ministral-3:8b,3,11.67,0.94,0.81,0.714,0.95
gen_003_summarize_legal_contracts.prompt.rtpl,qwen3-coder-next,3,13,0.82,0.369,0.28,0.95
gen_003_summarize_legal_contracts.prompt.rtpl,ministral-3:8b,3,11,0.82,0.604,0.438,1.0
gen_004_answer_medical_faqs_with_disclaimers.prompt.rtpl,qwen3-coder-next,3,16.33,1.89,0.758,0.667,0.953
gen_004_answer_medical_faqs_with_disclaimers.prompt.rtpl,ministral-3:8b,3,17,0.0,1.0,1.0,0.983
gen_005_grade_student_essays.prompt.rtpl,qwen3-coder-next,2,6.5,0.5,0.444,0.444,0.965
gen_005_grade_student_essays.prompt.rtpl,ministral-3:8b,2,9,0.0,1.0,1.0,0.975
gen_006_route_sales_leads.prompt.rtpl,qwen3-coder-next,3,10,0.82,0.624,0.5,0.94
gen_006_route_sales_leads.prompt.rtpl,ministral-3:8b,3,10,0.82,0.507,0.375,0.95
gen_007_generate_release_notes.prompt.rtpl,qwen3-coder-next,3,12.67,0.47,0.504,0.35,0.967
gen_008_screen_job_applications.prompt.rtpl,qwen3-coder-next,3,10,0.82,0.823,0.75,0.933
gen_008_screen_job_applications.prompt.rtpl,ministral-3:8b,3,9,0.0,1.0,1.0,1.0
gen_009_translate_with_tone_control.prompt.rtpl,qwen3-coder-next,3,9.33,2.05,0.194,0.0,0.967
gen_009_translate_with_tone_control.prompt.rtpl,ministral-3:8b,3,15,0.0,0.778,0.667,1.0
gen_010_classify_incoming_emails.prompt.rtpl,qwen3-coder-next,3,9,1.41,0.648,0.538,0.96
gen_010_classify_incoming_emails.prompt.rtpl,ministral-3:8b,3,9.67,1.7,0.618,0.5,0.967
gen_011_draft_incident_postmortems.prompt.rtpl,qwen3-coder-next,3,11.67,2.36,0.439,0.333,0.897
gen_011_draft_incident_postmortems.prompt.rtpl,ministral-3:8b,2,18,0.0,0.8,0.8,0.95
gen_012_review_pull_requests.prompt.rtpl,qwen3-coder-next,3,12,0.82,0.334,0.25,0.95
gen_012_review_pull_requests.prompt.rtpl,ministral-3:8b,3,12.33,0.94,0.411,0.273,0.95
gen_013_recommend_products.prompt.rtpl,qwen3-coder-next,3,9.67,0.47,0.194,0.0,0.96
gen_013_recommend_products.prompt.rtpl,ministral-3:8b,2,12,0.0,0.412,0.412,0.975
gen_014_extract_invoice_fields.prompt.rtpl,qwen3-coder-next,3,10,1.41,0.677,0.571,0.96
gen_014_extract_invoice_fields.prompt.rtpl,ministral-3:8b,3,8.67,0.47,0.926,0.889,1.0
gen_015_detect_spam_comments.prompt.rtpl,qwen3-coder-next,3,7.33,0.47,0.917,0.875,0.977
gen_015_detect_spam_comments.prompt.rtpl,ministral-3:8b,2,8,0.0,1.0,1.0,0.95
gen_016_answer_hr_policy_questions.prompt.rtpl,qwen3-coder-next,3,17.67,0.94,0.597,0.48,0.93
