prompt,n_contexts,single_trace,generated_trace,gain_trace,single_output,generated_output,gain_output
code_review.prompt.rtpl,3,0.625,0.6875,0.0625,0.3125,0.4375,0.125
content_moderation.prompt.rtpl,3,0.2941,0.7059,0.4118,0.2353,0.4118,0.1765
customer_support.prompt.rtpl,3,0.6875,0.75,0.0625,0.25,0.375,0.125
gen_000_triage_support_tickets.prompt.rtpl,1,0.8333,0.8333,0.0,0.4444,0.4444,0.0
gen_002_moderate_forum_posts.prompt.rtpl,6,0.8148,0.8519,0.037,0.5185,0.5556,0.037
gen_003_summarize_legal_contracts.prompt.rtpl,3,0.75,0.75,0.0,0.5,0.5,0.0
gen_004_answer_medical_faqs_with_disclaimers.prompt.rtpl,3,0.0952,0.7619,0.6667,0.0952,0.4048,0.3095
gen_005_grade_student_essays.prompt.rtpl,1,0.9,0.9,0.0,0.4,0.4,0.0
gen_006_route_sales_leads.prompt.rtpl,3,0.8571,0.8571,0.0,0.5238,0.5238,0.0
gen_008_screen_job_applications.prompt.rtpl,4,0.6786,0.7143,0.0357,0.3571,0.3929,0.0357
gen_009_translate_with_tone_control.prompt.rtpl,3,0.625,0.75,0.125,0.375,0.4583,0.0833
gen_013_recommend_products.prompt.rtpl,1,0.6667,0.6667,0.0,0.5333,0.5333,0.0
gen_015_detect_spam_comments.prompt.rtpl,3,0.5263,0.5789,0.0526,0.4211,0.4737,0.0526
gen_017_plan_a_travel_itinerary.prompt.rtpl,3,0.7963,0.8889,0.0926,0.4074,0.4444,0.037
gen_018_summarize_meetings.prompt.rtpl,4,0.5909,0.6364,0.0455,0.3182,0.3636,0.0455
gen_019_write_sql_from_questions.prompt.rtpl,6,0.6667,0.8056,0.1389,0.3333,0.4444,0.1111
gen_020_diagnose_build_failures.prompt.rtpl,1,0.5,0.5,0.0,0.3,0.3,0.0
gen_021_moderate_chat_messages.prompt.rtpl,6,0.6061,0.8485,0.2424,0.3636,0.4545,0.0909
gen_022_grade_code_submissions.prompt.rtpl,3,0.1379,0.6552,0.5172,0.1034,0.4483,0.3448
gen_023_route_insurance_claims.prompt.rtpl,6,0.5417,0.7083,0.1667,0.3333,0.5,0.1667
gen_025_check_accessibility_issues.prompt.rtpl,1,0.1304,0.1304,0.0,0.087,0.087,0.0
gen_026_redact_pii_from_text.prompt.rtpl,4,0.8857,0.8857,0.0,0.5143,0.5143,0.0
gen_027_rank_search_results.prompt.rtpl,1,0.5556,0.5556,0.0,0.4444,0.4444,0.0
gen_028_answer_tax_questions_with_disclaimers.prompt.rtpl,3,0.75,0.75,0.0,0.5,0.5,0.0
gen_029_suggest_unit_tests.prompt.rtpl,4,0.2692,0.9615,0.6923,0.1538,0.6538,0.5
gen_030_triage_support_tickets.prompt.rtpl,3,0.6957,0.6957,0.0,0.5217,0.5217,0.0
gen_032_moderate_forum_posts.prompt.rtpl,4,0.75,0.7857,0.0357,0.4643,0.5,0.0357
gen_033_summarize_legal_contracts.prompt.rtpl,1,0.5789,0.5789,0.0,0.4737,0.4737,0.0
gen_034_answer_medical_faqs_with_disclaimers.prompt.rtpl,2,0.8,0.85,0.05,0.4,0.45,0.05
gen_035_grade_student_essays.prompt.rtpl,1,0.8537,0.8537,0.0,0.4146,0.4146,0.0
gen_036_route_sales_leads.prompt.rtpl,2,0.6154,0.7308,0.1154,0.3462,0.4615,0.1154
gen_039_translate_with_tone_control.prompt.rtpl,4,0.5263,0.5263,0.0,0.3158,0.4211,0.1053
gen_040_classify_incoming_emails.prompt.rtpl,2,0.7391,0.7391,0.0,0.4783,0.4783,0.0
gen_042_review_pull_requests.prompt.rtpl,4,0.6364,0.6364,0.0,0.5455,0.5455,0.0
gen_044_extract_invoice_fields.prompt.rtpl,2,0.7857,0.7857,0.0,0.4286,0.4286,0.0
gen_045_detect_spam_comments.prompt.rtpl,3,0.48,0.48,0.0,0.24,0.28,0.04
gen_046_answer_hr_policy_questions.prompt.rtpl,6,0.5806,0.6129,0.0323,0.3871,0.4839,0.0968
gen_048_summarize_meetings.prompt.rtpl,3,0.75,0.8333,0.0833,0.4167,0.4583,0.0417
gen_050_diagnose_build_failures.prompt.rtpl,6,0.4138,0.7586,0.3448,0.2069,0.4483,0.2414
gen_052_grade_code_submissions.prompt.rtpl,3,0.8182,0.8182,0.0,0.4545,0.4545,0.0
gen_053_route_insurance_claims.prompt.rtpl,3,0.7917,0.9167,0.125,0.4583,0.5417,0.0833
gen_054_compose_marketing_copy.prompt.rtpl,1,0.5263,0.5263,0.0,0.4211,0.4211,0.0
gen_055_check_accessibility_issues.prompt.rtpl,3,0.2593,0.6667,0.4074,0.1111,0.2593,0.1481
gen_056_redact_pii_from_text.prompt.rtpl,6,0.9706,0.9706,0.0,0.5294,0.5294,0.0
gen_058_answer_tax_questions_with_disclaimers.prompt.rtpl,1,0.6667,0.6667,0.0,0.4444,0.4444,0.0
gen_059_suggest_unit_tests.prompt.rtpl,3,0.6842,0.7368,0.0526,0.4211,0.4737,0.0526
gen_061_review_sql_migrations.prompt.rtpl,2,0.6,0.6,0.0,0.5,0.5,0.0
gen_062_moderate_forum_posts.prompt.rtpl,6,0.6667,0.8333,0.1667,0.4333,0.6,0.1667
gen_063_summarize_legal_contracts.prompt.rtpl,3,0.7368,0.7368,0.0,0.4737,0.4737,0.0
gen_064_answer_medical_faqs_with_disclaimers.prompt.rtpl,4,0.3871,0.5161,0.129,0.1935,0.3871,0.1935
gen_065_grade_student_essays.prompt.rtpl,2,0.697,0.7576,0.0606,0.3333,0.3636,0.0303
gen_066_route_sales_leads.prompt.rtpl,1,0.5,0.5,0.0,0.3333,0.3333,0.0
gen_068_screen_job_applications.prompt.rtpl,4,0.9048,0.9524,0.0476,0.619,0.619,0.0
gen_069_translate_with_tone_control.prompt.rtpl,4,0.4483,0.6897,0.2414,0.2414,0.4483,0.2069
gen_070_classify_incoming_emails.prompt.rtpl,4,0.8333,0.9667,0.1333,0.4,0.4667,0.0667
gen_071_draft_incident_postmortems.prompt.rtpl,8,0.6667,0.6667,0.0,0.5833,0.5833,0.0
gen_074_extract_invoice_fields.prompt.rtpl,2,0.65,0.65,0.0,0.4,0.4,0.0
gen_076_answer_hr_policy_questions.prompt.rtpl,1,0.8333,0.8333,0.0,0.4444,0.4444,0.0
gen_077_plan_a_travel_itinerary.prompt.rtpl,5,0.617,0.9149,0.2979,0.2128,0.383,0.1702
gen_078_summarize_meetings.prompt.rtpl,5,0.7059,0.7647,0.0588,0.3529,0.4412,0.0882
