prompt,total_mutants,n_contexts,score_single,score_generated,gain
code_review.prompt.rtpl,16,3,0.625,0.688,0.062
content_moderation.prompt.rtpl,17,3,0.294,0.706,0.412
customer_support.prompt.rtpl,16,3,0.688,0.75,0.062
gen_000_triage_support_tickets.prompt.rtpl,18,1,0.833,0.833,0.0
gen_002_moderate_forum_posts.prompt.rtpl,27,6,0.815,0.852,0.037
gen_003_summarize_legal_contracts.prompt.rtpl,20,3,0.75,0.75,0.0
gen_004_answer_medical_faqs_with_disclaimers.prompt.rtpl,42,3,0.095,0.762,0.667
gen_005_grade_student_essays.prompt.rtpl,10,1,0.9,0.9,0.0
gen_006_route_sales_leads.prompt.rtpl,21,3,0.857,0.857,0.0
gen_008_screen_job_applications.prompt.rtpl,28,4,0.679,0.714,0.036
gen_009_translate_with_tone_control.prompt.rtpl,24,3,0.625,0.75,0.125
gen_013_recommend_products.prompt.rtpl,15,1,0.667,0.667,0.0
gen_015_detect_spam_comments.prompt.rtpl,19,3,0.526,0.579,0.053
gen_017_plan_a_travel_itinerary.prompt.rtpl,54,3,0.796,0.889,0.093
gen_018_summarize_meetings.prompt.rtpl,22,4,0.591,0.636,0.045
gen_019_write_sql_from_questions.prompt.rtpl,36,6,0.667,0.806,0.139
gen_020_diagnose_build_failures.prompt.rtpl,30,1,0.5,0.5,0.0
gen_021_moderate_chat_messages.prompt.rtpl,33,6,0.606,0.848,0.242
gen_022_grade_code_submissions.prompt.rtpl,29,3,0.138,0.655,0.517
gen_023_route_insurance_claims.prompt.rtpl,24,6,0.542,0.708,0.167
gen_025_check_accessibility_issues.prompt.rtpl,23,1,0.13,0.13,0.0
gen_026_redact_pii_from_text.prompt.rtpl,35,4,0.886,0.886,0.0
gen_027_rank_search_results.prompt.rtpl,18,1,0.556,0.556,0.0
gen_028_answer_tax_questions_with_disclaimers.prompt.rtpl,20,3,0.75,0.75,0.0
gen_029_suggest_unit_tests.prompt.rtpl,26,4,0.269,0.962,0.692
gen_030_triage_support_tickets.prompt.rtpl,23,3,0.696,0.696,0.0
gen_032_moderate_forum_posts.prompt.rtpl,28,4,0.75,0.786,0.036
gen_033_summarize_legal_contracts.prompt.rtpl,19,1,0.579,0.579,0.0
gen_034_answer_medical_faqs_with_disclaimers.prompt.rtpl,20,2,0.8,0.85,0.05
gen_035_grade_student_essays.prompt.rtpl,41,1,0.854,0.854,0.0
gen_036_route_sales_leads.prompt.rtpl,26,2,0.615,0.731,0.115
gen_039_translate_with_tone_control.prompt.rtpl,19,4,0.526,0.526,0.0
gen_040_classify_incoming_emails.prompt.rtpl,23,2,0.739,0.739,0.0
gen_042_review_pull_requests.prompt.rtpl,22,4,0.636,0.636,0.0
gen_044_extract_invoice_fields.prompt.rtpl,14,2,0.786,0.786,0.0
gen_045_detect_spam_comments.prompt.rtpl,25,3,0.48,0.48,0.0
gen_046_answer_hr_policy_questions.prompt.rtpl,31,6,0.581,0.613,0.032
gen_048_summarize_meetings.prompt.rtpl,24,3,0.75,0.833,0.083
gen_050_diagnose_build_failures.prompt.rtpl,29,6,0.414,0.759,0.345
gen_052_grade_code_submissions.prompt.rtpl,22,3,0.818,0.818,0.0
gen_053_route_insurance_claims.prompt.rtpl,24,3,0.792,0.917,0.125
gen_054_compose_marketing_copy.prompt.rtpl,19,1,0.526,0.526,0.0
gen_055_check_accessibility_issues.prompt.rtpl,27,3,0.259,0.667,0.407
gen_056_redact_pii_from_text.prompt.rtpl,34,6,0.971,0.971,0.0
gen_058_answer_tax_questions_with_disclaimers.prompt.rtpl,18,1,0.667,0.667,0.0
gen_059_suggest_unit_tests.prompt.rtpl,19,3,0.684,0.737,0.053
gen_061_review_sql_migrations.prompt.rtpl,30,2,0.6,0.6,0.0
gen_062_moderate_forum_posts.prompt.rtpl,30,6,0.667,0.833,0.167
gen_063_summarize_legal_contracts.prompt.rtpl,19,3,0.737,0.737,0.0
gen_064_answer_medical_faqs_with_disclaimers.prompt.rtpl,31,4,0.387,0.516,0.129
gen_065_grade_student_essays.prompt.rtpl,33,2,0.697,0.758,0.061
gen_066_route_sales_leads.prompt.rtpl,18,1,0.5,0.5,0.0
gen_068_screen_job_applications.prompt.rtpl,21,4,0.905,0.952,0.048
gen_069_translate_with_tone_control.prompt.rtpl,29,4,0.448,0.69,0.241
gen_070_classify_incoming_emails.prompt.rtpl,30,4,0.833,0.967,0.133
gen_071_draft_incident_postmortems.prompt.rtpl,24,8,0.667,0.667,0.0
gen_074_extract_invoice_fields.prompt.rtpl,20,2,0.65,0.65,0.0
gen_076_answer_hr_policy_questions.prompt.rtpl,36,1,0.833,0.833,0.0
gen_077_plan_a_travel_itinerary.prompt.rtpl,47,5,0.617,0.915,0.298
gen_078_summarize_meetings.prompt.rtpl,34,5,0.706,0.765,0.059
