prompt,injected_category,ground_truth_unreachable,runs_with_ir,runs_without_ir,rate_with_ir,rate_without_ir,detected_with_ir,detected_without_ir
code_review.prompt.rtpl,style,2,3,3,1.0,1.0,1,1
content_moderation.prompt.rtpl,safety,3,3,3,1.0,0.0,1,0
customer_support.prompt.rtpl,style,3,3,3,1.0,1.0,1,1
gen_000_triage_support_tickets.prompt.rtpl,policy,3,3,3,1.0,1.0,1,1
gen_001_review_sql_migrations.prompt.rtpl,safety,3,3,3,1.0,1.0,1,1
gen_002_moderate_forum_posts.prompt.rtpl,safety,3,3,3,1.0,0.667,1,1
gen_003_summarize_legal_contracts.prompt.rtpl,safety,2,3,3,1.0,1.0,1,1
gen_004_answer_medical_faqs_with_disclaimers.prompt.rtpl,style,6,3,3,1.0,1.0,1,1
gen_005_grade_student_essays.prompt.rtpl,policy,2,3,3,1.0,1.0,1,1
gen_006_route_sales_leads.prompt.rtpl,policy,3,3,3,0.333,1.0,0,1
gen_007_generate_release_notes.prompt.rtpl,style,1,3,3,1.0,0.667,1,1
gen_008_screen_job_applications.prompt.rtpl,safety,4,3,3,0.667,1.0,1,1
gen_009_translate_with_tone_control.prompt.rtpl,style,4,3,3,0.667,1.0,1,1
gen_010_classify_incoming_emails.prompt.rtpl,safety,2,3,3,0.0,1.0,0,1
gen_011_draft_incident_postmortems.prompt.rtpl,style,1,3,3,0.667,1.0,1,1
gen_012_review_pull_requests.prompt.rtpl,style,2,3,3,0.333,0.667,0,1
gen_013_recommend_products.prompt.rtpl,style,1,3,3,0.0,0.333,0,0
gen_014_extract_invoice_fields.prompt.rtpl,style,2,3,3,1.0,0.667,1,1
gen_015_detect_spam_comments.prompt.rtpl,style,1,3,3,1.0,1.0,1,1
gen_016_answer_hr_policy_questions.prompt.rtpl,style,3,3,3,1.0,1.0,1,1
gen_017_plan_a_travel_itinerary.prompt.rtpl,style,11,3,3,1.0,0.667,1,1
gen_018_summarize_meetings.prompt.rtpl,format,2,3,3,1.0,0.667,1,1
gen_019_write_sql_from_questions.prompt.rtpl,style,7,3,3,1.0,0.333,1,0
gen_020_diagnose_build_failures.prompt.rtpl,style,4,3,3,1.0,0.333,1,0
gen_021_moderate_chat_messages.prompt.rtpl,safety,4,3,3,1.0,1.0,1,1
